{
  "binet_time": {
    "1": 4.2000000000097515e-06,
    "2": 2.799999999991698e-05,
    "3": 0.00018679999999982044,
    "4": 0.0013027999999999373,
    "5": 0.010132299999999983,
    "6": 0.0839242,
    "7": 0.6661314999999999,
    "8": 5.3996987,
    "9": 43.1967311,
    "10": 349.3338453
  },
  "binet_ops": {
    "1": [
      0,
      0
    ],
    "2": [
      24,
      40
    ],
    "3": [
      360,
      560
    ],
    "4": [
      3544,
      5320
    ],
    "5": [
      29984,
      44480
    ],
    "6": [
      243712,
      361600
    ],
    "7": [
      1953268,
      2907456
    ],
    "8": [
      15598628,
      23288376
    ],
    "9": [
      124584448,
      186383360
    ],
    "10": [
      995573760,
      1491240960
    ]
  },
  "binet_ops_fixed": {
    "1": [
      1,
      2
    ],
    "2": [
      27,
      46
    ],
    "3": [
      365,
      570
    ],
    "4": [
      3555,
      5342
    ],
    "5": [
      30000,
      44512
    ],
    "6": [
      243746,
      361668
    ],
    "7": [
      1953336,
      2907592
    ],
    "8": [
      15598758,
      23288636
    ],
    "9": [
      124584704,
      186383872
    ],
    "10": [
      995574272,
      1491241984
    ]
  },
  "starssen_time": {
    "1": 5.699999999997374e-06,
    "2": 0.0004481999999998987,
    "3": 0.0019671999999999468,
    "4": 0.016265500000000044,
    "5": 0.12381819999999988,
    "6": 0.9031782000000002,
    "7": 6.434086700000001,
    "8": 46.114228,
    "9": 322.75968450000005
  },
  "strassen_ops": {
    "1": [
      1,
      2
    ],
    "2": [
      97,
      41
    ],
    "3": [
      1575,
      465
    ],
    "4": [
      16455,
      3942
    ],
    "5": [
      142088,
      29611
    ],
    "6": [
      1100872,
      209246
    ],
    "7": [
      8200210,
      1476323
    ],
    "8": [
      59450525,
      10362778
    ],
    "9": [
      424506677,
      72605113
    ]
  }
}


