{
  "binet_time": {
    "1": 2.6999999999943736e-06,
    "2": 2.189999999999137e-05,
    "3": 0.0001249000000000111,
    "4": 0.0009548999999999808,
    "5": 0.0130247,
    "6": 0.059406599999999976,
    "7": 0.4865899,
    "8": 3.8112233999999994,
    "9": 31.138999300000002,
    "10": 248.59914579999997
  },
  "binet_ops": {
    "1": [
      4,
      8
    ],
    "2": [
      40,
      64
    ],
    "3": [
      336,
      512
    ],
    "4": [
      2720,
      4096
    ],
    "5": [
      21824,
      32768
    ],
    "6": [
      174720,
      262144
    ],
    "7": [
      1398016,
      2097152
    ],
    "8": [
      11184640,
      16777216
    ],
    "9": [
      89478144,
      134217728
    ],
    "10": [
      715827200,
      1073741824
    ]
  }
}