{
  "binet_time": {
    "1": 4.300000000068138e-06,
    "2": 3.320000000006651e-05,
    "3": 0.00021209999999993734,
    "4": 0.0017792999999999282,
    "5": 0.012322999999999862,
    "6": 0.10045579999999998,
    "7": 0.8102378000000001,
    "8": 6.4519477,
    "9": 52.595525,
    "10": 431.07566049999997
  },
  "binet_ops": {
    "1": [
      0,
      0
    ],
    "2": [
      48,
      80
    ],
    "3": [
      528,
      800
    ],
    "4": [
      4556,
      6736
    ],
    "5": [
      36800,
      54400
    ],
    "6": [
      293888,
      436480
    ],
    "7": [
      2343168,
      3494400
    ],
    "8": [
      18699276,
      27960336
    ],
    "9": [
      149376000,
      223692800
    ],
    "10": [
      1194057728,
      1789562880
    ]
  }
}